{
  "v": "5.7.4",
  "fr": 30,
  "ip": 0,
  "op": 60,
  "w": 200,
  "h": 200,
  "nm": "Empty Box Simple",
  "ddd": 0,
  "assets": [],
  "layers": [
    {
      "ddd": 0,
      "ind": 1,
      "ty": 4,
      "nm": "Box",
      "sr": 1,
      "ks": {
        "o": { "a": 0, "k": 100 },
        "r": { "a": 1, "k": [
          { "t": 0, "s": 0 },
          { "t": 30, "s": -5 },
          { "t": 60, "s": 0 }
        ]},
        "p": { "a": 0, "k": [100, 120, 0] },
        "a": { "a": 0, "k": [0, 0, 0] },
        "s": { "a": 0, "k": [100, 100, 100] }
      },
      "shapes": [
        {
          "ty": "rc",
          "d": 1,
          "s": { "a": 0, "k": [100, 60] },
          "p": { "a": 0, "k": [0, 0] },
          "r": { "a": 0, "k": 8 },
          "nm": "Box Shape"
        },
        {
          "ty": "st",
          "c": { "a": 0, "k": [0.9, 0.6, 0.3, 1] },
          "o": { "a": 0, "k": 100 },
          "w": { "a": 0, "k": 6 },
          "lc": 2,
          "lj": 2,
          "ml": 4,
          "nm": "Box Stroke"
        },
        {
          "ty": "fl",
          "c": { "a": 0, "k": [1, 0.95, 0.85, 1] },
          "o": { "a": 0, "k": 100 },
          "r": 1,
          "nm": "Box Fill"
        }
      ],
      "ip": 0,
      "op": 60,
      "st": 0,
      "bm": 0
    },
    {
      "ddd": 0,
      "ind": 2,
      "ty": 4,
      "nm": "Lid",
      "sr": 1,
      "ks": {
        "o": { "a": 0, "k": 100 },
        "r": { "a": 1, "k": [
          { "t": 0, "s": 0 },
          { "t": 15, "s": -25 },
          { "t": 30, "s": 0 }
        ]},
        "p": { "a": 0, "k": [100, 90, 0] },
        "a": { "a": 0, "k": [0, 0, 0] },
        "s": { "a": 0, "k": [100, 20, 100] }
      },
      "shapes": [
        {
          "ty": "rc",
          "d": 1,
          "s": { "a": 0, "k": [100, 30] },
          "p": { "a": 0, "k": [0, 0] },
          "r": { "a": 0, "k": 8 },
          "nm": "Lid Shape"
        },
        {
          "ty": "st",
          "c": { "a": 0, "k": [0.9, 0.6, 0.3, 1] },
          "o": { "a": 0, "k": 100 },
          "w": { "a": 0, "k": 6 },
          "lc": 2,
          "lj": 2,
          "ml": 4,
          "nm": "Lid Stroke"
        },
        {
          "ty": "fl",
          "c": { "a": 0, "k": [1, 0.95, 0.85, 1] },
          "o": { "a": 0, "k": 100 },
          "r": 1,
          "nm": "Lid Fill"
        }
      ],
      "ip": 0,
      "op": 60,
      "st": 0,
      "bm": 0
    }
  ]
}